{
  "test": {
    "frame": "box",
    "position": {
      "x": -1.3159605826023757,
      "y": 0.043035546094244384,
      "z": 0.8645750911717761
    },
    "orientation": {
      "x": 0.05988407531281837,
      "y": 0.6249005225122233,
      "z": -0.039947046258612916,
      "w": 0.7773785872939203
    },
    "gripper_rpy": {
      "joint_wrist_roll": 0.0,
      "joint_wrist_pitch": -0.021475731030398976,
      "joint_wrist_yaw": -0.0
    },
    "lift_height": 0.6013045008657234,
    "wrist_extension": 0.09993304400491199
  },
  "test2": {
    "frame": "box",
    "position": {
      "x": -0.10368706397170202,
      "y": -1.1709354962896064,
      "z": 0.9862026881191301
    },
    "orientation": {
      "x": -0.5996408918046331,
      "y": 0.42130483551636694,
      "z": 0.4270111441958271,
      "w": 0.5297117321514051
    },
    "gripper_rpy": {
      "joint_wrist_roll": -0.0015339807878856412,
      "joint_wrist_pitch": -0.026077673394055898,
      "joint_wrist_yaw": -0.0
    },
    "lift_height": 0.6013045008657234,
    "wrist_extension": 0.0999306433427526
  },
  "test3": {
    "frame": "box",
    "position": {
      "x": -0.09940383517099052,
      "y": -1.2757073236424832,
      "z": 0.9386002203579548
    },
    "orientation": {
      "x": -0.584942387725922,
      "y": 0.41219159379895354,
      "z": 0.4175573245503917,
      "w": 0.5599878335797075
    },
    "gripper_rpy": {
      "joint_wrist_roll": 0.0,
      "joint_wrist_pitch": -0.027611654181941538,
      "joint_wrist_yaw": -0.0
    },
    "lift_height": 0.6013111671303534,
    "wrist_extension": 0.09851204824597591
  },
  "test4": {
    "frame": "box",
    "position": {
      "x": 0.09808201529958191,
      "y": -1.1941632120410817,
      "z": 2.036191014078499
    },
    "orientation": {
      "x": 0.5736159736286693,
      "y": -0.4592561449206811,
      "z": -0.46314389452011756,
      "w": -0.4955262264697666
    },
    "gripper_rpy": {
      "joint_wrist_roll": 0.0,
      "joint_wrist_pitch": -0.027611654181941538,
      "joint_wrist_yaw": -0.0
    },
    "lift_height": 0.9170512143705843,
    "wrist_extension": 0.4205036208064853
  },
  "test5": {
    "frame": "box",
    "position": {
      "x": -0.052158096887983105,
      "y": -1.4394507256529154,
      "z": 1.9328759726113869
    },
    "orientation": {
      "x": -0.028259031734988484,
      "y": 0.6590378696499355,
      "z": 0.7515692183300231,
      "w": 0.0037714123976903932
    },
    "gripper_rpy": {
      "joint_wrist_roll": 0.0,
      "joint_wrist_pitch": -0.027611654181941538,
      "joint_wrist_yaw": -0.0
    },
    "lift_height": 0.9170611955536915,
    "wrist_extension": 0.4190874002066128
  }
}