{
  "trash_start": {
    "frame": "trash_can",
    "position": {
      "x": 0.001035826871458291,
      "y": -0.2690813742321634,
      "z": 0.459796376948861
    },
    "orientation": {
      "x": -0.5010547357620206,
      "y": 0.5103990556511286,
      "z": 0.49901468034326446,
      "w": 0.48930696353393277
    },
    "gripper_rpy": {
      "joint_wrist_roll": 0.0,
      "joint_wrist_pitch": -0.03681553890925539,
      "joint_wrist_yaw": 0.042184471666855135
    },
    "lift_height": 0.5021245242705562,
    "wrist_extension": 0.10000726175112523
  }
}